{
    "key": "post_type_657ed75db90cd",
    "title": "Knowbase",
    "menu_order": 0,
    "active": true,
    "post_type": "knowbase",
    "advanced_configuration": true,
    "import_source": "",
    "import_date": "",
    "labels": {
        "name": "Knowbase",
        "singular_name": "Knowbase",
        "menu_name": "Knowbase",
        "all_items": "All Knowbase",
        "edit_item": "Edit Knowbase",
        "view_item": "View Knowbase",
        "view_items": "View Knowbase",
        "add_new_item": "Add New Knowbase",
        "add_new": "",
        "new_item": "New Knowbase",
        "parent_item_colon": "Parent Knowbase:",
        "search_items": "Search Knowbase",
        "not_found": "No knowbase found",
        "not_found_in_trash": "No knowbase found in Trash",
        "archives": "Knowbase Archives",
        "attributes": "Knowbase Attributes",
        "featured_image": "",
        "set_featured_image": "",
        "remove_featured_image": "",
        "use_featured_image": "",
        "insert_into_item": "Insert into knowbase",
        "uploaded_to_this_item": "Uploaded to this knowbase",
        "filter_items_list": "Filter knowbase list",
        "filter_by_date": "Filter knowbase by date",
        "items_list_navigation": "Knowbase list navigation",
        "items_list": "Knowbase list",
        "item_published": "Knowbase published.",
        "item_published_privately": "Knowbase published privately.",
        "item_reverted_to_draft": "Knowbase reverted to draft.",
        "item_scheduled": "Knowbase scheduled.",
        "item_updated": "Knowbase updated.",
        "item_link": "Knowbase Link",
        "item_link_description": "A link to a knowbase."
    },
    "description": "",
    "public": true,
    "hierarchical": false,
    "exclude_from_search": false,
    "publicly_queryable": true,
    "show_ui": true,
    "show_in_menu": true,
    "admin_menu_parent": "",
    "show_in_admin_bar": true,
    "show_in_nav_menus": true,
    "show_in_rest": true,
    "rest_base": "",
    "rest_namespace": "wp\/v2",
    "rest_controller_class": "WP_REST_Posts_Controller",
    "menu_position": "",
    "menu_icon": "dashicons-list-view",
    "rename_capabilities": false,
    "singular_capability_name": "post",
    "plural_capability_name": "posts",
    "supports": [
        "title",
        "editor"
    ],
    "taxonomies": "",
    "has_archive": true,
    "has_archive_slug": "knowbase",
    "rewrite": {
        "permalink_rewrite": "post_type_key",
        "with_front": "1",
        "feeds": "0",
        "pages": "1"
    },
    "query_var": "post_type_key",
    "query_var_name": "",
    "can_export": true,
    "delete_with_user": false,
    "register_meta_box_cb": "",
    "enter_title_here": "",
    "modified": 1702985994
}
