{
    "key": "post_type_657ed8e4a6310",
    "title": "Changelog",
    "menu_order": 0,
    "active": true,
    "post_type": "changelog",
    "advanced_configuration": true,
    "import_source": "",
    "import_date": "",
    "labels": {
        "name": "Changelog",
        "singular_name": "Changelog",
        "menu_name": "Changelog",
        "all_items": "All Changelog",
        "edit_item": "Edit Changelog",
        "view_item": "View Changelog",
        "view_items": "View Changelog",
        "add_new_item": "Add New Changelog",
        "add_new": "",
        "new_item": "New Changelog",
        "parent_item_colon": "Parent Changelog:",
        "search_items": "Search Changelog",
        "not_found": "No changelog found",
        "not_found_in_trash": "No changelog found in Trash",
        "archives": "Changelog Archives",
        "attributes": "Changelog Attributes",
        "featured_image": "",
        "set_featured_image": "",
        "remove_featured_image": "",
        "use_featured_image": "",
        "insert_into_item": "Insert into changelog",
        "uploaded_to_this_item": "Uploaded to this changelog",
        "filter_items_list": "Filter changelog list",
        "filter_by_date": "Filter changelog by date",
        "items_list_navigation": "Changelog list navigation",
        "items_list": "Changelog list",
        "item_published": "Changelog published.",
        "item_published_privately": "Changelog published privately.",
        "item_reverted_to_draft": "Changelog reverted to draft.",
        "item_scheduled": "Changelog scheduled.",
        "item_updated": "Changelog updated.",
        "item_link": "Changelog Link",
        "item_link_description": "A link to a changelog."
    },
    "description": "",
    "public": true,
    "hierarchical": false,
    "exclude_from_search": false,
    "publicly_queryable": true,
    "show_ui": true,
    "show_in_menu": true,
    "admin_menu_parent": "",
    "show_in_admin_bar": true,
    "show_in_nav_menus": true,
    "show_in_rest": true,
    "rest_base": "",
    "rest_namespace": "wp\/v2",
    "rest_controller_class": "WP_REST_Posts_Controller",
    "menu_position": "",
    "menu_icon": "dashicons-calendar-alt",
    "rename_capabilities": false,
    "singular_capability_name": "post",
    "plural_capability_name": "posts",
    "supports": [
        "title",
        "editor"
    ],
    "taxonomies": "",
    "has_archive": true,
    "has_archive_slug": "changelog",
    "rewrite": {
        "permalink_rewrite": "post_type_key",
        "with_front": "1",
        "feeds": "0",
        "pages": "1"
    },
    "query_var": "post_type_key",
    "query_var_name": "",
    "can_export": true,
    "delete_with_user": false,
    "register_meta_box_cb": "",
    "enter_title_here": "",
    "modified": 1702986539
}
