{
    "key": "taxonomy_657ed8c413e1e",
    "title": "Category",
    "menu_order": 0,
    "active": true,
    "taxonomy": "knowbase_category",
    "object_type": [
        "knowbase"
    ],
    "advanced_configuration": 1,
    "import_source": "",
    "import_date": "",
    "labels": {
        "name": "Category",
        "singular_name": "Category",
        "menu_name": "Category",
        "all_items": "All Category",
        "edit_item": "Edit Category",
        "view_item": "View Category",
        "update_item": "Update Category",
        "add_new_item": "Add New Category",
        "new_item_name": "New Category Name",
        "search_items": "Search Category",
        "popular_items": "Popular Category",
        "separate_items_with_commas": "Separate category with commas",
        "add_or_remove_items": "Add or remove category",
        "choose_from_most_used": "Choose from the most used category",
        "most_used": "",
        "not_found": "No category found",
        "no_terms": "No category",
        "name_field_description": "",
        "slug_field_description": "",
        "desc_field_description": "",
        "items_list_navigation": "Category list navigation",
        "items_list": "Category list",
        "back_to_items": "← Go to category",
        "item_link": "Category Link",
        "item_link_description": "A link to a category"
    },
    "description": "",
    "capabilities": {
        "manage_terms": "manage_categories",
        "edit_terms": "manage_categories",
        "delete_terms": "manage_categories",
        "assign_terms": "edit_posts"
    },
    "public": 1,
    "publicly_queryable": 1,
    "hierarchical": 0,
    "show_ui": 1,
    "show_in_menu": 1,
    "show_in_nav_menus": 1,
    "show_in_rest": 1,
    "rest_base": "",
    "rest_namespace": "wp\/v2",
    "rest_controller_class": "WP_REST_Terms_Controller",
    "show_tagcloud": 1,
    "show_in_quick_edit": 1,
    "show_admin_column": 0,
    "rewrite": {
        "permalink_rewrite": "custom_permalink",
        "slug": "knowbase-category",
        "with_front": "1",
        "rewrite_hierarchical": "0"
    },
    "query_var": "post_type_key",
    "query_var_name": "",
    "default_term": {
        "default_term_enabled": "0"
    },
    "sort": 0,
    "meta_box": "default",
    "meta_box_cb": "",
    "meta_box_sanitize_cb": "",
    "modified": 1703594192
}